HEADER|00000000|982398239823|20260710
ORDER|PB0n|607100000|20260710|20260710|20260713|S|N|GSCO|2779201|S||||GSPT||USD|47.7850|21|||||||||0.2100|||||||||||
ALLOCAT|A00000000|065448128|21|ALLOCEND
ORDER|PB0n|607100001|20260710|20260710|20260713|BC|N|GSCO|BPQWHP8|S||||GSPT||USD|20.5500|17|||||||||0.1700|||||||||||
ALLOCAT|A00000000|065465783|17|ALLOCEND
ORDER|PB0n|607100002|20260710|20260710|20260713|S|N|GSCO|2208073|S||||PREX||USD|27.6447|652|||||||||32.6000|||||||||||
ALLOCAT|A00000000|065448128|652|ALLOCEND
ORDER|PB0n|607100003|20260710|20260710|20260713|B|N|GSCO|2239556|S||||GSPT||USD|156.4000|6|||||||||0.0600|||||||||||
ALLOCAT|A00000000|065448128|6|ALLOCEND
ORDER|PB0n|607100004|20260710|20260710|20260713|BC|N|GSCO|2371823|S||||PREX||USD|160.7925|4|||||||||0.2400|||||||||||
ALLOCAT|A00000000|065448128|4|ALLOCEND
ORDER|PB0n|607100005|20260710|20260710|20260713|BC|N|GSCO|BZ03TN9|S||||PREX||USD|28.3728|722|||||||||36.1000|||||||||||
ALLOCAT|A00000000|065448128|722|ALLOCEND
ORDER|PB0n|607100006|20260710|20260710|20260713|S|N|GSCO|B5B2106|S||||GSPT||USD|157.8600|6|||||||||0.0600|||||||||||
ALLOCAT|A00000000|065448128|6|ALLOCEND
ORDER|PB0n|607100007|20260710|20260710|20260713|BC|N|GSCO|BMGCGK5|S||||GSPT||USD|6.2199|92|||||||||0.9200|||||||||||
ALLOCAT|A00000000|065465783|92|ALLOCEND
ORDER|PB0n|607100008|20260710|20260710|20260713|BC|N|GSCO|BY3H7G0|S||||GSPT||USD|9.3082|65|||||||||0.6500|||||||||||
ALLOCAT|A00000000|065465783|65|ALLOCEND
ORDER|PB0n|607100009|20260710|20260710|20260713|S|N|GSCO|BYNF418|S||||GSPT||USD|48.6500|2|||||||||0.0200|||||||||||
ALLOCAT|A00000000|065465783|2|ALLOCEND
ORDER|PB0n|607100010|20260710|20260710|20260713|S|N|GSCO|BJLTMX5|S||||PREX||USD|25.5787|760|||||||||38.0000|||||||||||
ALLOCAT|A00000000|065448128|760|ALLOCEND
ORDER|PB0n|607100011|20260710|20260710|20260713|BC|N|GSCO|BJVNMJ3|S||||GSPT||USD|101.5500|2|||||||||0.0200|||||||||||
ALLOCAT|A00000000|065465783|2|ALLOCEND
ORDER|PB0n|607100012|20260710|20260710|20260713|SS|N|GSCO|BPDH477|S||||GSPT||USD|18.8663|3186|||||||||31.8600|||||||||||
ALLOCAT|A00000000|065465783|558|ALLOCEND
ALLOCAT|A00000001|065448128|1873|ALLOCEND
ALLOCAT|A00000002|065448128|755|ALLOCEND
ORDER|PB0n|607100013|20260710|20260710|20260713|S|N|GSCO|BSML4N7|S||||GSPT||USD|352.4050|2|||||||||0.0200|||||||||||
ALLOCAT|A00000000|065465783|1|ALLOCEND
ALLOCAT|A00000001|065448128|1|ALLOCEND
ORDER|PB0n|607100014|20260710|20260710|20260713|S|N|GSCO|2008154|S||||GSPT||USD|224.3350|4|||||||||0.0400|||||||||||
ALLOCAT|A00000000|065448128|4|ALLOCEND
ORDER|PB0n|607100015|20260710|20260710|20260713|S|N|GSCO|BNKJSM5|S||||GSPT||USD|237.0900|4|||||||||0.0400|||||||||||
ALLOCAT|A00000000|065448128|4|ALLOCEND
ORDER|PB0n|607100016|20260710|20260710|20260713|B|N|GSCO|2046251|S||||GSPT||USD|314.5043|143|||||||||1.4300|||||||||||
ALLOCAT|A00000000|065448128|94|ALLOCEND
ALLOCAT|A00000001|065448128|3|ALLOCEND
ALLOCAT|A00000002|065448128|46|ALLOCEND
ORDER|PB0n|607100017|20260710|20260710|20260713|S|N|GSCO|2002554|S||||GSPT||USD|253.4850|2|||||||||0.0200|||||||||||
ALLOCAT|A00000000|065465783|2|ALLOCEND
ORDER|PB0n|607100018|20260710|20260710|20260713|S|N|GSCO|2655408|S||||GSPT||USD|52.0163|576|||||||||5.7600|||||||||||
ALLOCAT|A00000000|065448128|1|ALLOCEND
ALLOCAT|A00000001|065448128|575|ALLOCEND
ORDER|PB0n|607100019|20260710|20260710|20260713|BC|N|GSCO|2918479|S||||GSPT||USD|12.4700|24|||||||||0.2400|||||||||||
ALLOCAT|A00000000|065465783|24|ALLOCEND
ORDER|PB0n|607100020|20260710|20260710|20260713|BC|N|GSCO|2536763|S||||PREX||USD|212.8924|116|||||||||6.9600|||||||||||
ALLOCAT|A00000000|065448128|116|ALLOCEND
ORDER|PB0n|607100021|20260710|20260710|20260713|BC|N|GSCO|BZ6C639|S||||PREX||USD|611.7503|18|||||||||1.0800|||||||||||
ALLOCAT|A00000000|065448128|18|ALLOCEND
ORDER|PB0n|607100022|20260710|20260710|20260713|BC|N|GSCO|2638625|S||||GSPT||USD|33.2559|222|||||||||2.2200|||||||||||
ALLOCAT|A00000000|065465783|12|ALLOCEND
ALLOCAT|A00000001|065448128|210|ALLOCEND
ORDER|PB0n|607100023|20260710|20260710|20260713|BC|N|GSCO|2676692|S||||GSPT||USD|12.5550|1|||||||||0.0100|||||||||||
ALLOCAT|A00000000|065465783|1|ALLOCEND
ORDER|PB0n|607100024|20260710|20260710|20260713|BC|N|GSCO|2701271|S||||PREX||USD|915.2319|27|||||||||1.6200|||||||||||
ALLOCAT|A00000000|065448128|27|ALLOCEND
ORDER|PB0n|607100025|20260710|20260710|20260713|S|N|GSCO|BYQHPG3|S||||GSPT||USD|66.7000|3|||||||||0.0300|||||||||||
ALLOCAT|A00000000|065465783|3|ALLOCEND
ORDER|PB0n|607100026|20260710|20260710|20260713|BC|N|GSCO|2408840|S||||GSPT||USD|26.2400|18|||||||||0.1800|||||||||||
ALLOCAT|A00000000|065465783|18|ALLOCEND
ORDER|PB0n|607100027|20260710|20260710|20260713|S|N|GSCO|BZBY209|S||||GSPT||USD|194.9000|3|||||||||0.0300|||||||||||
ALLOCAT|A00000000|065465783|3|ALLOCEND
ORDER|PB0n|607100028|20260710|20260710|20260713|S|N|GSCO|2712013|S||||GSPT||USD|75.5600|13|||||||||0.1300|||||||||||
ALLOCAT|A00000000|065448128|13|ALLOCEND
ORDER|PB0n|607100029|20260710|20260710|20260713|S|N|GSCO|2239556|S||||GSPT||USD|156.3750|1|||||||||0.0100|||||||||||
ALLOCAT|A00000000|065465783|1|ALLOCEND
ORDER|PB0n|607100030|20260710|20260710|20260713|BC|N|GSCO|B14TC70|S||||GSPT||USD|10.1400|51|||||||||0.5100|||||||||||
ALLOCAT|A00000000|065465783|51|ALLOCEND
ORDER|PB0n|607100031|20260710|20260710|20260713|BC|N|GSCO|B011WL6|S||||GSPT||USD|9.1200|18|||||||||0.1800|||||||||||
ALLOCAT|A00000000|065465783|18|ALLOCEND
ORDER|PB0n|607100032|20260710|20260710|20260713|BC|N|GSCO|BPK4SR9|S||||GSPT||USD|24.6207|440|||||||||4.4000|||||||||||
ALLOCAT|A00000000|065448128|311|ALLOCEND
ALLOCAT|A00000001|065448128|129|ALLOCEND
ORDER|PB0n|607100033|20260710|20260710|20260713|S|N|GSCO|2041364|S||||GSPT||USD|276.3750|1|||||||||0.0100|||||||||||
ALLOCAT|A00000000|065465783|1|ALLOCEND
ORDER|PB0n|607100034|20260710|20260710|20260713|B|N|GSCO|2359506|S||||GSPT||USD|252.4500|1|||||||||0.0100|||||||||||
ALLOCAT|A00000000|065465783|1|ALLOCEND
ORDER|PB0n|607100035|20260710|20260710|20260713|S|N|GSCO|BYW36M8|S||||PREX||USD|46.1392|316|||||||||15.8000|||||||||||
ALLOCAT|A00000000|065448128|316|ALLOCEND
ORDER|PB0n|607100036|20260710|20260710|20260713|B|N|GSCO|BHJ0775|S||||GSPT||USD|290.8600|1|||||||||0.0100|||||||||||
ALLOCAT|A00000000|065465783|1|ALLOCEND
ORDER|PB0n|607100037|20260710|20260710|20260713|BC|N|GSCO|2036779|S||||GSPT||USD|222.3900|2|||||||||0.0200|||||||||||
ALLOCAT|A00000000|065465783|2|ALLOCEND
ORDER|PB0n|607100038|20260710|20260710|20260713|B|N|GSCO|BN78DQ4|S||||GSPT||USD|127.5150|1|||||||||0.0100|||||||||||
ALLOCAT|A00000000|065465783|1|ALLOCEND
ORDER|PB0n|607100039|20260710|20260710|20260713|BC|N|GSCO|2451918|S||||GSPT||USD|154.5100|3|||||||||0.0300|||||||||||
ALLOCAT|A00000000|065465783|3|ALLOCEND
ORDER|PB0n|607100040|20260710|20260710|20260713|S|N|GSCO|BNBV4B1|S||||GSPT||USD|40.9500|23|||||||||0.2300|||||||||||
ALLOCAT|A00000000|065448128|23|ALLOCEND
ORDER|PB0n|607100041|20260710|20260710|20260713|B|N|GSCO|BLDDH12|S||||GSPT||USD|26.4005|1629|||||||||16.2900|||||||||||
ALLOCAT|A00000000|065448128|37|ALLOCEND
ALLOCAT|A00000001|065448128|1592|ALLOCEND
ORDER|PB0n|607100042|20260710|20260710|20260713|S|N|GSCO|BYVY8G0|S||||GSPT||USD|355.8800|2|||||||||0.0200|||||||||||
ALLOCAT|A00000000|065448128|2|ALLOCEND
ORDER|PB0n|607100043|20260710|20260710|20260713|BC|N|GSCO|2772998|S||||GSPT||USD|87.2300|5|||||||||0.0500|||||||||||
ALLOCAT|A00000000|065465783|5|ALLOCEND
ORDER|PB0n|607100044|20260710|20260710|20260713|S|N|GSCO|BDSFG98|S||||GSPT||USD|70.8250|15|||||||||0.1500|||||||||||
ALLOCAT|A00000000|065448128|15|ALLOCEND
ORDER|PB0n|607100045|20260710|20260710|20260713|S|N|GSCO|2142784|S||||GSPT||USD|314.8900|1|||||||||0.0100|||||||||||
ALLOCAT|A00000000|065465783|1|ALLOCEND
ORDER|PB0n|607100046|20260710|20260710|20260713|SS|N|GSCO|BNHTR54|S||||GSPT||USD|16.1703|791|||||||||7.9100|||||||||||
ALLOCAT|A00000000|065465783|8|ALLOCEND
ALLOCAT|A00000001|065448128|783|ALLOCEND
ORDER|PB0n|607100047|20260710|20260710|20260713|S|N|GSCO|2900335|S||||GSPT||USD|30.3250|33|||||||||0.3300|||||||||||
ALLOCAT|A00000000|065448128|33|ALLOCEND
ORDER|PB0n|607100048|20260710|20260710|20260713|BC|N|GSCO|BRBS5Z1|S||||PREX||USD|37.7677|133|||||||||6.6500|||||||||||
ALLOCAT|A00000000|065448128|133|ALLOCEND
ORDER|PB0n|607100049|20260710|20260710|20260713|BC|N|GSCO|BYZFPN5|S||||GSPT||USD|20.6200|10|||||||||0.1000|||||||||||
ALLOCAT|A00000000|065465783|10|ALLOCEND
ORDER|PB0n|607100050|20260710|20260710|20260713|BC|N|GSCO|BS71B31|S||||GSPT||USD|10.5059|22|||||||||0.2200|||||||||||
ALLOCAT|A00000000|065465783|22|ALLOCEND
ORDER|PB0n|607100051|20260710|20260710|20260713|S|N|GSCO|BP6D7B7|S||||GSPT||USD|29.1850|6|||||||||0.0600|||||||||||
ALLOCAT|A00000000|065465783|6|ALLOCEND
ORDER|PB0n|607100052|20260710|20260710|20260713|B|N|GSCO|B2PKRQ3|S||||GSPT||USD|179.3400|5|||||||||0.0500|||||||||||
ALLOCAT|A00000000|065448128|5|ALLOCEND
ORDER|PB0n|607100053|20260710|20260710|20260713|S|N|GSCO|BP0TQN6|S||||GSPT||USD|113.4700|2|||||||||0.0200|||||||||||
ALLOCAT|A00000000|065465783|2|ALLOCEND
ORDER|PB0n|607100054|20260710|20260710|20260713|BC|N|GSCO|BMFZ3F9|S||||GSPT||USD|16.4100|5|||||||||0.0500|||||||||||
ALLOCAT|A00000000|065465783|5|ALLOCEND
ORDER|PB0n|607100055|20260710|20260710|20260713|S|N|GSCO|2708841|S||||GSPT||USD|125.9050|1|||||||||0.0100|||||||||||
ALLOCAT|A00000000|065465783|1|ALLOCEND
ORDER|PB0n|607100056|20260710|20260710|20260713|S|N|GSCO|2011602|S||||GSPT||USD|299.0200|3|||||||||0.0300|||||||||||
ALLOCAT|A00000000|065448128|3|ALLOCEND
ORDER|PB0n|607100057|20260710|20260710|20260713|S|N|GSCO|BYNZGK1|S||||GSPT||USD|77.3650|2|||||||||0.0200|||||||||||
ALLOCAT|A00000000|065465783|2|ALLOCEND
ORDER|PB0n|607100058|20260710|20260710|20260713|S|N|GSCO|2702337|S||||GSPT||USD|119.1500|1|||||||||0.0100|||||||||||
ALLOCAT|A00000000|065465783|1|ALLOCEND
ORDER|PB0n|607100059|20260710|20260710|20260713|S|N|GSCO|2588184|S||||GSPT||USD|980.0000|19|||||||||0.1900|||||||||||
ALLOCAT|A00000000|065465783|1|ALLOCEND
ALLOCAT|A00000001|065448128|18|ALLOCEND
ORDER|PB0n|607100060|20260710|20260710|20260713|S|N|GSCO|B78C4Y8|S||||GSPT||USD|186.7800|1|||||||||0.0100|||||||||||
ALLOCAT|A00000000|065465783|1|ALLOCEND
ORDER|PB0n|607100061|20260710|20260710|20260713|BC|N|GSCO|BRBD9F4|S||||PREX||USD|71.6686|370|||||||||18.5000|||||||||||
ALLOCAT|A00000000|065448128|370|ALLOCEND
ORDER|PB0n|607100062|20260710|20260710|20260713|S|N|GSCO|BDT5KT5|S||||PREX||USD|51.7740|384|||||||||19.2000|||||||||||
ALLOCAT|A00000000|065448128|384|ALLOCEND
ORDER|PB0n|607100063|20260710|20260710|20260713|SS|N|GSCO|BS71BR5|S||||GSPT||USD|10.0950|18|||||||||0.1800|||||||||||
ALLOCAT|A00000000|065465783|18|ALLOCEND
ORDER|PB0n|607100064|20260710|20260710|20260713|B|N|GSCO|2648806|S||||GSPT||USD|536.2200|2|||||||||0.0200|||||||||||
ALLOCAT|A00000000|065465783|1|ALLOCEND
ALLOCAT|A00000001|065448128|1|ALLOCEND
ORDER|PB0n|607100065|20260710|20260710|20260713|S|N|GSCO|BK73B42|S||||GSPT||USD|85.1250|11|||||||||0.1100|||||||||||
ALLOCAT|A00000000|065448128|11|ALLOCEND
ORDER|PB0n|607100066|20260710|20260710|20260713|BC|N|GSCO|BK6MJ46|S||||GSPT||USD|40.4750|6|||||||||0.0600|||||||||||
ALLOCAT|A00000000|065465783|6|ALLOCEND
ORDER|PB0n|607100067|20260710|20260710|20260713|SS|N|GSCO|2769796|S||||GSPT||USD|41.7446|4582|||||||||45.8200|||||||||||
ALLOCAT|A00000000|065448128|4582|ALLOCEND
ORDER|PB0n|607100068|20260710|20260710|20260713|BC|N|GSCO|BMC73Z8|S||||GSPT||USD|6.7018|842|||||||||8.4200|||||||||||
ALLOCAT|A00000000|065465783|75|ALLOCEND
ALLOCAT|A00000001|065448128|767|ALLOCEND
ORDER|PB0n|607100069|20260710|20260710|20260713|S|N|GSCO|2186254|S||||GSPT||USD|44.4200|22|||||||||0.2200|||||||||||
ALLOCAT|A00000000|065448128|22|ALLOCEND
ORDER|PB0n|607100070|20260710|20260710|20260713|B|N|GSCO|B7JB336|S||||GSPT||USD|17.5100|60|||||||||0.6000|||||||||||
ALLOCAT|A00000000|065465783|2|ALLOCEND
ALLOCAT|A00000001|065448128|58|ALLOCEND
ORDER|PB0n|607100071|20260710|20260710|20260713|S|N|GSCO|2007849|S||||GSPT||USD|554.2400|1|||||||||0.0100|||||||||||
ALLOCAT|A00000000|065465783|1|ALLOCEND
ORDER|PB0n|607100072|20260710|20260710|20260713|B|N|GSCO|2425258|S||||GSPT||USD|161.4800|6|||||||||0.0600|||||||||||
ALLOCAT|A00000000|065448128|6|ALLOCEND
ORDER|PB0n|607100073|20260710|20260710|20260713|S|N|GSCO|2809324|S||||GSPT||USD|45.1400|22|||||||||0.2200|||||||||||
ALLOCAT|A00000000|065448128|22|ALLOCEND
ORDER|PB0n|607100074|20260710|20260710|20260713|BC|N|GSCO|B1VP7R6|S||||GSPT||USD|146.0280|235|||||||||2.3500|||||||||||
ALLOCAT|A00000000|065448128|235|ALLOCEND
ORDER|PB0n|607100075|20260710|20260710|20260713|S|N|GSCO|2325507|S||||GSPT||USD|170.3400|2|||||||||0.0200|||||||||||
ALLOCAT|A00000000|065465783|2|ALLOCEND
ORDER|PB0n|607100076|20260710|20260710|20260713|S|N|GSCO|BRC3N73|S||||PREX||USD|28.7191|545|||||||||27.2500|||||||||||
ALLOCAT|A00000000|065448128|545|ALLOCEND
ORDER|PB0n|607100077|20260710|20260710|20260713|BC|N|GSCO|2226741|S||||GSPT||USD|67.6400|4|||||||||0.0400|||||||||||
ALLOCAT|A00000000|065465783|4|ALLOCEND
ORDER|PB0n|607100078|20260710|20260710|20260713|BC|N|GSCO|2415204|S||||GSPT||USD|13.3600|21|||||||||0.2100|||||||||||
ALLOCAT|A00000000|065465783|21|ALLOCEND
ORDER|PB0n|607100079|20260710|20260710|20260713|BC|N|GSCO|2475060|S||||GSPT||USD|119.9597|76|||||||||0.7600|||||||||||
ALLOCAT|A00000000|065465783|7|ALLOCEND
ALLOCAT|A00000001|065448128|50|ALLOCEND
ALLOCAT|A00000002|065448128|19|ALLOCEND
ORDER|PB0n|607100080|20260710|20260710|20260713|BC|N|GSCO|2880448|S||||GSPT||USD|18.4100|21|||||||||0.2100|||||||||||
ALLOCAT|A00000000|065465783|21|ALLOCEND
ORDER|PB0n|607100081|20260710|20260710|20260713|B|N|GSCO|2002305|S||||GSPT||USD|93.7150|1|||||||||0.0100|||||||||||
ALLOCAT|A00000000|065465783|1|ALLOCEND
ORDER|PB0n|607100082|20260710|20260710|20260713|BC|N|GSCO|BFXHC51|S||||PREX||USD|111.4978|183|||||||||10.9800|||||||||||
ALLOCAT|A00000000|065448128|183|ALLOCEND
ORDER|PB0n|607100083|20260710|20260710|20260713|S|N|GSCO|BYXB1Y8|S||||PREX||USD|12.4200|1600|||||||||64.0000|||||||||||
ALLOCAT|A00000000|065448128|1600|ALLOCEND
ORDER|PB0n|607100084|20260710|20260710|20260713|S|N|GSCO|2896092|S||||GSPT||USD|151.1500|1|||||||||0.0100|||||||||||
ALLOCAT|A00000000|065465783|1|ALLOCEND
ORDER|PB0n|607100085|20260710|20260710|20260713|B|N|GSCO|B8CKK03|S||||GSPT||USD|58.6050|20|||||||||0.2000|||||||||||
ALLOCAT|A00000000|065465783|3|ALLOCEND
ALLOCAT|A00000001|065448128|17|ALLOCEND
ORDER|PB0n|607100086|20260710|20260710|20260713|BC|N|GSCO|BZCFW78|S||||GSPT||USD|9.0150|48|||||||||0.4800|||||||||||
ALLOCAT|A00000000|065465783|48|ALLOCEND
ORDER|PB0n|607100087|20260710|20260710|20260713|BC|N|GSCO|BNHP503|S||||GSPT||USD|13.5569|1025|||||||||10.2500|||||||||||
ALLOCAT|A00000000|065465783|61|ALLOCEND
ALLOCAT|A00000001|065448128|409|ALLOCEND
ALLOCAT|A00000002|065448128|555|ALLOCEND
ORDER|PB0n|607100088|20260710|20260710|20260713|B|N|GSCO|BL59CR9|S||||GSPT||USD|360.0750|2|||||||||0.0200|||||||||||
ALLOCAT|A00000000|065448128|2|ALLOCEND
ORDER|PB0n|607100089|20260710|20260710|20260713|BC|N|GSCO|2615468|S||||GSPT||USD|14.0200|82|||||||||0.8200|||||||||||
ALLOCAT|A00000000|065465783|82|ALLOCEND
ORDER|PB0n|607100090|20260710|20260710|20260713|SS|N|GSCO|2762568|S||||PREX||USD|372.5410|40|||||||||2.4000|||||||||||
ALLOCAT|A00000000|065448128|40|ALLOCEND
ORDER|PB0n|607100091|20260710|20260710|20260713|BC|N|GSCO|2320825|S||||GSPT||USD|21.8500|13|||||||||0.1300|||||||||||
ALLOCAT|A00000000|065465783|13|ALLOCEND
ORDER|PB0n|607100092|20260710|20260710|20260713|B|N|GSCO|2611206|S||||GSPT||USD|33.4600|34|||||||||0.3400|||||||||||
ALLOCAT|A00000000|065465783|4|ALLOCEND
ALLOCAT|A00000001|065448128|30|ALLOCEND
ORDER|PB0n|607100093|20260710|20260710|20260713|BC|N|GSCO|BN71J76|S||||GSPT||USD|73.7800|6|||||||||0.0600|||||||||||
ALLOCAT|A00000000|065465783|6|ALLOCEND
ORDER|PB0n|607100094|20260710|20260710|20260713|S|N|GSCO|2656423|S||||GSPT||USD|225.9550|2|||||||||0.0200|||||||||||
ALLOCAT|A00000000|065465783|2|ALLOCEND
ORDER|PB0n|607100095|20260710|20260710|20260713|S|N|GSCO|BP857F5|S||||PREX||USD|16.7514|891|||||||||35.6400|||||||||||
ALLOCAT|A00000000|065448128|891|ALLOCEND
ORDER|PB0n|607100096|20260710|20260710|20260713|S|N|GSCO|B87ZMX0|S||||GSPT||USD|324.9238|201|||||||||2.0100|||||||||||
ALLOCAT|A00000000|065448128|2|ALLOCEND
ALLOCAT|A00000001|065448128|199|ALLOCEND
ORDER|PB0n|607100097|20260710|20260710|20260713|BC|N|GSCO|BKT1TK6|S||||GSPT||USD|17.1550|23|||||||||0.2300|||||||||||
ALLOCAT|A00000000|065465783|23|ALLOCEND
ORDER|PB0n|607100098|20260710|20260710|20260713|BC|N|GSCO|B3F1XM1|S||||GSPT||USD|150.4500|1|||||||||0.0100|||||||||||
ALLOCAT|A00000000|065465783|1|ALLOCEND
ORDER|PB0n|607100099|20260710|20260710|20260713|B|N|GSCO|BFZ1K46|S||||GSPT||USD|481.7200|2|||||||||0.0200|||||||||||
ALLOCAT|A00000000|065448128|2|ALLOCEND
ORDER|PB0n|607100100|20260710|20260710|20260713|S|N|GSCO|BMF9NM8|S||||PREX||USD|82.9032|113|||||||||5.6500|||||||||||
ALLOCAT|A00000000|065448128|113|ALLOCEND
ORDER|PB0n|607100101|20260710|20260710|20260713|B|N|GSCO|2138158|S||||GSPT||USD|93.9850|11|||||||||0.1100|||||||||||
ALLOCAT|A00000000|065465783|1|ALLOCEND
ALLOCAT|A00000001|065448128|10|ALLOCEND
ORDER|PB0n|607100102|20260710|20260710|20260713|SS|N|GSCO|BN78DQ4|S||||GSPT||USD|127.5050|123|||||||||1.2300|||||||||||
ALLOCAT|A00000000|065448128|123|ALLOCEND
ORDER|PB0n|607100103|20260710|20260710|20260713|SS|N|GSCO|2810467|S||||PREX||USD|92.4578|114|||||||||5.7000|||||||||||
ALLOCAT|A00000000|065448128|114|ALLOCEND
ORDER|PB0n|607100104|20260710|20260710|20260713|B|N|GSCO|2849472|S||||GSPT||USD|227.8900|1|||||||||0.0100|||||||||||
ALLOCAT|A00000000|065465783|1|ALLOCEND
ORDER|PB0n|607100105|20260710|20260710|20260713|BC|N|GSCO|BNV08M7|S||||GSPT||USD|7.9319|83|||||||||0.8300|||||||||||
ALLOCAT|A00000000|065465783|83|ALLOCEND
ORDER|PB0n|607100106|20260710|20260710|20260713|BC|N|GSCO|BD06LM7|S||||GSPT||USD|93.1300|4|||||||||0.0400|||||||||||
ALLOCAT|A00000000|065465783|4|ALLOCEND
ORDER|PB0n|607100107|20260710|20260710|20260713|B|N|GSCO|BMWGSD8|S||||GSPT||USD|109.1600|9|||||||||0.0900|||||||||||
ALLOCAT|A00000000|065448128|9|ALLOCEND
ORDER|PB0n|607100108|20260710|20260710|20260713|B|N|GSCO|B3NXMJ9|S||||PREX||USD|7.6142|37|||||||||1.1100|||||||||||
ALLOCAT|A00000000|065448128|37|ALLOCEND
ORDER|PB0n|607100109|20260710|20260710|20260713|S|N|GSCO|BTF8CG1|S||||GSPT||USD|75.1400|2|||||||||0.0200|||||||||||
ALLOCAT|A00000000|065465783|2|ALLOCEND
ORDER|PB0n|607100110|20260710|20260710|20260713|S|N|GSCO|2046552|S||||GSPT||USD|602.2250|1|||||||||0.0100|||||||||||
ALLOCAT|A00000000|065465783|1|ALLOCEND
ORDER|PB0n|607100111|20260710|20260710|20260713|BC|N|GSCO|2933632|S||||GSPT||USD|38.3020|1470|||||||||14.7000|||||||||||
ALLOCAT|A00000000|065465783|239|ALLOCEND
ALLOCAT|A00000001|065448128|878|ALLOCEND
ALLOCAT|A00000002|065448128|353|ALLOCEND
ORDER|PB0n|607100112|20260710|20260710|20260713|B|N|GSCO|BRDY9L1|S||||PREX||USD|14.8207|91|||||||||3.6400|||||||||||
ALLOCAT|A00000000|065448128|91|ALLOCEND
ORDER|PB0n|607100113|20260710|20260710|20260713|BC|N|GSCO|BP9M6J2|S||||PREX||USD|11.9674|418|||||||||16.7200|||||||||||
ALLOCAT|A00000000|065448128|418|ALLOCEND
ORDER|PB0n|607100114|20260710|20260710|20260713|S|N|GSCO|2807061|S||||GSPT||USD|67.3031|120|||||||||1.2000|||||||||||
ALLOCAT|A00000000|065448128|120|ALLOCEND
ORDER|PB0n|607100115|20260710|20260710|20260713|S|N|GSCO|2295677|S||||GSPT||USD|59.7350|3|||||||||0.0300|||||||||||
ALLOCAT|A00000000|065465783|3|ALLOCEND
ORDER|PB0n|607100116|20260710|20260710|20260713|S|N|GSCO|B87ZMX0|S||||GSPT||USD|324.9238|22|||||||||0.2200|||||||||||
ALLOCAT|A00000000|065448128|22|ALLOCEND
ORDER|PB0n|607100117|20260710|20260710|20260713|B|N|GSCO|2252058|S||||GSPT||USD|485.4850|2|||||||||0.0200|||||||||||
ALLOCAT|A00000000|065448128|2|ALLOCEND
ORDER|PB0n|607100118|20260710|20260710|20260713|S|N|GSCO|2332262|S||||GSPT||USD|46.7850|2|||||||||0.0200|||||||||||
ALLOCAT|A00000000|065465783|2|ALLOCEND
ORDER|PB0n|607100119|20260710|20260710|20260713|S|N|GSCO|2974329|S||||GSPT||USD|94.0450|10|||||||||0.1000|||||||||||
ALLOCAT|A00000000|065448128|10|ALLOCEND
ORDER|PB0n|607100120|20260710|20260710|20260713|S|N|GSCO|BF5C2N2|S||||GSPT||USD|104.2800|10|||||||||0.1000|||||||||||
ALLOCAT|A00000000|065448128|10|ALLOCEND
ORDER|PB0n|607100121|20260710|20260710|20260713|S|N|GSCO|2208136|S||||GSPT||USD|16.0803|62|||||||||0.6200|||||||||||
ALLOCAT|A00000000|065448128|62|ALLOCEND
ORDER|PB0n|607100122|20260710|20260710|20260713|S|N|GSCO|2842255|S||||GSPT||USD|106.2800|1|||||||||0.0100|||||||||||
ALLOCAT|A00000000|065465783|1|ALLOCEND
ORDER|PB0n|607100123|20260710|20260710|20260713|B|N|GSCO|B1Z77F6|S||||GSPT||USD|151.7850|3|||||||||0.0300|||||||||||
ALLOCAT|A00000000|065465783|3|ALLOCEND
ORDER|PB0n|607100124|20260710|20260710|20260713|BC|N|GSCO|B6YVN56|S||||GSPT||USD|35.3400|1|||||||||0.0100|||||||||||
ALLOCAT|A00000000|065465783|1|ALLOCEND
ORDER|PB0n|607100125|20260710|20260710|20260713|B|N|GSCO|BYY88Y7|S||||GSPT||USD|353.7600|32|||||||||0.3200|||||||||||
ALLOCAT|A00000000|065448128|32|ALLOCEND
ORDER|PB0n|607100126|20260710|20260710|20260713|SS|N|GSCO|BD82PS1|S||||GSPT||USD|13.0050|43|||||||||0.4300|||||||||||
ALLOCAT|A00000000|065465783|43|ALLOCEND
ORDER|PB0n|607100127|20260710|20260710|20260713|S|N|GSCO|BZ07BW4|S||||GSPT||USD|96.9700|10|||||||||0.1000|||||||||||
ALLOCAT|A00000000|065448128|10|ALLOCEND
ORDER|PB0n|607100128|20260710|20260710|20260713|BC|N|GSCO|BSBNFV9|S||||PREX||USD|80.4258|6|||||||||0.3000|||||||||||
ALLOCAT|A00000000|065448128|6|ALLOCEND
ORDER|PB0n|607100129|20260710|20260710|20260713|B|N|GSCO|2702337|S||||GSPT||USD|119.2300|8|||||||||0.0800|||||||||||
ALLOCAT|A00000000|065448128|8|ALLOCEND
ORDER|PB0n|607100130|20260710|20260710|20260713|B|N|GSCO|2353058|S||||GSPT||USD|136.9642|1159|||||||||11.5900|||||||||||
ALLOCAT|A00000000|065448128|1159|ALLOCEND
ORDER|PB0n|607100131|20260710|20260710|20260713|BC|N|GSCO|2814005|S||||GSPT||USD|82.0900|73|||||||||0.7300|||||||||||
ALLOCAT|A00000000|065465783|9|ALLOCEND
ALLOCAT|A00000001|065448128|64|ALLOCEND
ORDER|PB0n|607100132|20260710|20260710|20260713|S|N|GSCO|BRDY9L1|S||||GSPT||USD|14.5907|2053|||||||||20.5300|||||||||||
ALLOCAT|A00000000|065465783|28|ALLOCEND
ALLOCAT|A00000001|065448128|2025|ALLOCEND
ORDER|PB0n|607100133|20260710|20260710|20260713|SS|N|GSCO|BMFZ3F9|S||||GSPT||USD|16.4036|372|||||||||3.7200|||||||||||
ALLOCAT|A00000000|065448128|372|ALLOCEND
ORDER|PB0n|607100134|20260710|20260710|20260713|B|N|GSCO|2829601|S||||GSPT||USD|95.2650|11|||||||||0.1100|||||||||||
ALLOCAT|A00000000|065465783|1|ALLOCEND
ALLOCAT|A00000001|065448128|10|ALLOCEND
ORDER|PB0n|607100135|20260710|20260710|20260713|BC|N|GSCO|2007281|S||||GSPT||USD|44.5900|1|||||||||0.0100|||||||||||
ALLOCAT|A00000000|065465783|1|ALLOCEND
ORDER|PB0n|607100136|20260710|20260710|20260713|BC|N|GSCO|BNQNDM6|S||||PREX||USD|67.5780|418|||||||||20.9000|||||||||||
ALLOCAT|A00000000|065448128|418|ALLOCEND
ORDER|PB0n|607100137|20260710|20260710|20260713|S|N|GSCO|2270726|S||||GSPT||USD|95.7750|10|||||||||0.1000|||||||||||
ALLOCAT|A00000000|065448128|10|ALLOCEND
ORDER|PB0n|607100138|20260710|20260710|20260713|B|N|GSCO|2655408|S||||GSPT||USD|52.0250|4|||||||||0.0400|||||||||||
ALLOCAT|A00000000|065465783|4|ALLOCEND
ORDER|PB0n|607100139|20260710|20260710|20260713|BC|N|GSCO|BYQLZ65|S||||GSPT||USD|54.8490|182|||||||||1.8200|||||||||||
ALLOCAT|A00000000|065465783|182|ALLOCEND
ORDER|PB0n|607100140|20260710|20260710|20260713|B|N|GSCO|BZBY209|S||||GSPT||USD|194.9000|5|||||||||0.0500|||||||||||
ALLOCAT|A00000000|065448128|5|ALLOCEND
ORDER|PB0n|607100141|20260710|20260710|20260713|B|N|GSCO|2325507|S||||GSPT||USD|170.4050|5|||||||||0.0500|||||||||||
ALLOCAT|A00000000|065448128|5|ALLOCEND
ORDER|PB0n|607100142|20260710|20260710|20260713|B|N|GSCO|BTF8CG1|S||||GSPT||USD|75.1650|13|||||||||0.1300|||||||||||
ALLOCAT|A00000000|065448128|13|ALLOCEND
ORDER|PB0n|607100143|20260710|20260710|20260713|SS|N|GSCO|B02HWR9|S||||GSPT||USD|142.8600|2|||||||||0.0200|||||||||||
ALLOCAT|A00000000|065465783|2|ALLOCEND
ORDER|PB0n|607100144|20260710|20260710|20260713|BC|N|GSCO|BYXR425|S||||GSPT||USD|166.8900|42|||||||||0.4200|||||||||||
ALLOCAT|A00000000|065465783|4|ALLOCEND
ALLOCAT|A00000001|065448128|38|ALLOCEND
ORDER|PB0n|607100145|20260710|20260710|20260713|BC|N|GSCO|BTTRRD6|S||||GSPT||USD|24.6400|8|||||||||0.0800|||||||||||
ALLOCAT|A00000000|065465783|8|ALLOCEND
ORDER|PB0n|607100146|20260710|20260710|20260713|BC|N|GSCO|B1P36Y6|S||||GSPT||USD|37.9537|15|||||||||0.1500|||||||||||
ALLOCAT|A00000000|065465783|15|ALLOCEND
ORDER|PB0n|607100147|20260710|20260710|20260713|B|N|GSCO|2523334|S||||GSPT||USD|34.9850|43|||||||||0.4300|||||||||||
ALLOCAT|A00000000|065465783|15|ALLOCEND
ALLOCAT|A00000001|065448128|28|ALLOCEND
ORDER|PB0n|607100148|20260710|20260710|20260713|B|N|GSCO|BK4N0D7|S||||GSPT||USD|70.2672|606|||||||||6.0600|||||||||||
ALLOCAT|A00000000|065465783|606|ALLOCEND
ORDER|PB0n|607100149|20260710|20260710|20260713|BC|N|GSCO|BSBGKF7|S||||GSPT||USD|18.5550|11|||||||||0.1100|||||||||||
ALLOCAT|A00000000|065465783|11|ALLOCEND
ORDER|PB0n|607100150|20260710|20260710|20260713|S|N|GSCO|BLNB073|S||||PREX||USD|7.2860|86|||||||||2.5800|||||||||||
ALLOCAT|A00000000|065448128|86|ALLOCEND
ORDER|PB0n|607100151|20260710|20260710|20260713|S|N|GSCO|B8K6ZD1|S||||GSPT||USD|137.8000|7|||||||||0.0700|||||||||||
ALLOCAT|A00000000|065448128|7|ALLOCEND
ORDER|PB0n|607100152|20260710|20260710|20260713|B|N|GSCO|2896092|S||||GSPT||USD|151.2200|6|||||||||0.0600|||||||||||
ALLOCAT|A00000000|065448128|6|ALLOCEND
ORDER|PB0n|607100153|20260710|20260710|20260713|S|N|GSCO|2108601|S||||GSPT||USD|222.6950|4|||||||||0.0400|||||||||||
ALLOCAT|A00000000|065448128|4|ALLOCEND
ORDER|PB0n|607100154|20260710|20260710|20260713|S|N|GSCO|2032067|S||||GSPT||USD|396.3800|1|||||||||0.0100|||||||||||
ALLOCAT|A00000000|065465783|1|ALLOCEND
ORDER|PB0n|607100155|20260710|20260710|20260713|S|N|GSCO|2853688|S||||GSPT||USD|329.8050|3|||||||||0.0300|||||||||||
ALLOCAT|A00000000|065448128|3|ALLOCEND
ORDER|PB0n|607100156|20260710|20260710|20260713|BC|N|GSCO|BTCK798|S||||GSPT||USD|25.2568|111|||||||||1.1100|||||||||||
ALLOCAT|A00000000|065465783|27|ALLOCEND
ALLOCAT|A00000001|065448128|84|ALLOCEND
ORDER|PB0n|607100157|20260710|20260710|20260713|B|N|GSCO|2142784|S||||GSPT||USD|315.0150|3|||||||||0.0300|||||||||||
ALLOCAT|A00000000|065448128|3|ALLOCEND
ORDER|PB0n|607100158|20260710|20260710|20260713|B|N|GSCO|2728429|S||||GSPT||USD|312.7100|1|||||||||0.0100|||||||||||
ALLOCAT|A00000000|065465783|1|ALLOCEND
ORDER|PB0n|607100159|20260710|20260710|20260713|S|N|GSCO|2122117|S||||PREX||USD|244.5076|74|||||||||4.4400|||||||||||
ALLOCAT|A00000000|065448128|74|ALLOCEND
ORDER|PB0n|607100160|20260710|20260710|20260713|S|N|GSCO|2491839|S||||GSPT||USD|112.3150|9|||||||||0.0900|||||||||||
ALLOCAT|A00000000|065448128|9|ALLOCEND
ORDER|PB0n|607100161|20260710|20260710|20260713|BC|N|GSCO|2508030|S||||GSPT||USD|60.5100|7|||||||||0.0700|||||||||||
ALLOCAT|A00000000|065465783|7|ALLOCEND
ORDER|PB0n|607100162|20260710|20260710|20260713|S|N|GSCO|2262530|S||||GSPT||USD|216.6550|4|||||||||0.0400|||||||||||
ALLOCAT|A00000000|065448128|4|ALLOCEND
ORDER|PB0n|607100163|20260710|20260710|20260713|B|N|GSCO|2829515|S||||GSPT||USD|74.6800|13|||||||||0.1300|||||||||||
ALLOCAT|A00000000|065448128|13|ALLOCEND
ORDER|PB0n|607100164|20260710|20260710|20260713|SS|N|GSCO|BLNPMM4|S||||GSPT||USD|13.4802|1300|||||||||13.0000|||||||||||
ALLOCAT|A00000000|065448128|172|ALLOCEND
ALLOCAT|A00000001|065448128|1128|ALLOCEND
ORDER|PB0n|607100165|20260710|20260710|20260713|S|N|GSCO|BP6D7B7|S||||PREX||USD|29.3301|321|||||||||16.0500|||||||||||
ALLOCAT|A00000000|065448128|321|ALLOCEND
ORDER|PB0n|607100166|20260710|20260710|20260713|BC|N|GSCO|2614807|S||||GSPT||USD|79.7300|6|||||||||0.0600|||||||||||
ALLOCAT|A00000000|065465783|6|ALLOCEND
ORDER|PB0n|607100167|20260710|20260710|20260713|SS|N|GSCO|B616C79|S||||GSPT||USD|411.6342|471|||||||||4.7100|||||||||||
ALLOCAT|A00000000|065448128|471|ALLOCEND
ORDER|PB0n|607100168|20260710|20260710|20260713|S|N|GSCO|BHKD3S6|S||||GSPT||USD|443.7644|59|||||||||0.5900|||||||||||
ALLOCAT|A00000000|065465783|1|ALLOCEND
ALLOCAT|A00000001|065448128|58|ALLOCEND
ORDER|PB0n|607100169|20260710|20260710|20260713|B|N|GSCO|BJBLT85|S||||PREX||USD|8.9032|152|||||||||4.5600|||||||||||
ALLOCAT|A00000000|065448128|152|ALLOCEND
ORDER|PB0n|607100170|20260710|20260710|20260713|SS|N|GSCO|BM8JV32|S||||GSPT||USD|25.9484|204|||||||||2.0400|||||||||||
ALLOCAT|A00000000|065465783|6|ALLOCEND
ALLOCAT|A00000001|065448128|198|ALLOCEND
ORDER|PB0n|607100171|20260710|20260710|20260713|S|N|GSCO|2459202|S||||GSPT||USD|568.4500|1|||||||||0.0100|||||||||||
ALLOCAT|A00000000|065465783|1|ALLOCEND
ORDER|PB0n|607100172|20260710|20260710|20260713|B|N|GSCO|2440637|S||||GSPT||USD|43.4750|26|||||||||0.2600|||||||||||
ALLOCAT|A00000000|065465783|3|ALLOCEND
ALLOCAT|A00000001|065448128|23|ALLOCEND
ORDER|PB0n|607100173|20260710|20260710|20260713|S|N|GSCO|BMGYYH4|S||||GSPT||USD|148.6200|2|||||||||0.0200|||||||||||
ALLOCAT|A00000000|065465783|2|ALLOCEND
ORDER|PB0n|607100174|20260710|20260710|20260713|BC|N|GSCO|BKV9674|S||||GSPT||USD|26.3793|303|||||||||3.0300|||||||||||
ALLOCAT|A00000000|065448128|303|ALLOCEND
ORDER|PB0n|607100175|20260710|20260710|20260713|S|N|GSCO|B8X64T7|S||||PREX||USD|19.0153|524|||||||||20.9600|||||||||||
ALLOCAT|A00000000|065448128|524|ALLOCEND
ORDER|PB0n|607100176|20260710|20260710|20260713|BC|N|GSCO|BLNPMM4|S||||GSPT||USD|13.5050|35|||||||||0.3500|||||||||||
ALLOCAT|A00000000|065465783|35|ALLOCEND
ORDER|PB0n|607100177|20260710|20260710|20260713|S|N|GSCO|BYV2325|S||||GSPT||USD|428.2800|2|||||||||0.0200|||||||||||
ALLOCAT|A00000000|065448128|2|ALLOCEND
ORDER|PB0n|607100178|20260710|20260710|20260713|B|N|GSCO|BYNF418|S||||GSPT||USD|48.6550|1|||||||||0.0100|||||||||||
ALLOCAT|A00000000|065448128|1|ALLOCEND
ORDER|PB0n|607100179|20260710|20260710|20260713|BC|N|GSCO|2424341|S||||PREX||USD|117.4387|8|||||||||0.4800|||||||||||
ALLOCAT|A00000000|065448128|8|ALLOCEND
ORDER|PB0n|607100180|20260710|20260710|20260713|S|N|GSCO|BMWP7H2|S||||PREX||USD|67.5991|143|||||||||7.1500|||||||||||
ALLOCAT|A00000000|065448128|143|ALLOCEND
ORDER|PB0n|607100181|20260710|20260710|20260713|BC|N|GSCO|B75DGJ3|S||||GSPT||USD|52.0750|9|||||||||0.0900|||||||||||
ALLOCAT|A00000000|065465783|9|ALLOCEND
ORDER|PB0n|607100182|20260710|20260710|20260713|S|N|GSCO|BTN1Y11|S||||GSPT||USD|83.0200|1|||||||||0.0100|||||||||||
ALLOCAT|A00000000|065465783|1|ALLOCEND
ORDER|PB0n|607100183|20260710|20260710|20260713|S|N|GSCO|BM8JYX3|S||||GSPT||USD|26.5850|38|||||||||0.3800|||||||||||
ALLOCAT|A00000000|065448128|38|ALLOCEND
ORDER|PB0n|607100184|20260710|20260710|20260713|SS|N|GSCO|B5BSZB3|S||||GSPT||USD|221.8594|889|||||||||8.8900|||||||||||
ALLOCAT|A00000000|065448128|889|ALLOCEND
ORDER|PB0n|607100185|20260710|20260710|20260713|S|N|GSCO|BVVN4Q8|S||||GSPT||USD|74.2800|1|||||||||0.0100|||||||||||
ALLOCAT|A00000000|065465783|1|ALLOCEND
ORDER|PB0n|607100186|20260710|20260710|20260713|BC|N|GSCO|B63HHG4|S||||PREX||USD|192.2980|28|||||||||1.6800|||||||||||
ALLOCAT|A00000000|065448128|28|ALLOCEND
ORDER|PB0n|607100187|20260710|20260710|20260713|S|N|GSCO|BNR4QY1|S||||PREX||USD|9.4231|2064|||||||||61.9200|||||||||||
ALLOCAT|A00000000|065448128|2064|ALLOCEND
ORDER|PB0n|607100188|20260710|20260710|20260713|B|N|GSCO|B3P2CN8|S||||GSPT||USD|121.1300|71|||||||||0.7100|||||||||||
ALLOCAT|A00000000|065465783|71|ALLOCEND
ORDER|PB0n|607100189|20260710|20260710|20260713|BC|N|GSCO|2002059|S||||GSPT||USD|34.0230|20|||||||||0.2000|||||||||||
ALLOCAT|A00000000|065465783|20|ALLOCEND
ORDER|PB0n|607100190|20260710|20260710|20260713|SS|N|GSCO|2840215|S||||PREX||USD|754.6385|13|||||||||0.7800|||||||||||
ALLOCAT|A00000000|065448128|13|ALLOCEND
ORDER|PB0n|607100191|20260710|20260710|20260713|BC|N|GSCO|B6YR5K3|S||||GSPT||USD|33.9350|4|||||||||0.0400|||||||||||
ALLOCAT|A00000000|065465783|4|ALLOCEND
ORDER|PB0n|607100192|20260710|20260710|20260713|BC|N|GSCO|BNSP5P7|S||||GSPT||USD|327.3319|594|||||||||5.9400|||||||||||
ALLOCAT|A00000000|065448128|594|ALLOCEND
ORDER|PB0n|607100193|20260710|20260710|20260713|S|N|GSCO|2588173|S||||GSPT||USD|384.6850|40|||||||||0.4000|||||||||||
ALLOCAT|A00000000|065448128|40|ALLOCEND
ORDER|PB0n|607100194|20260710|20260710|20260713|BC|N|GSCO|BSB8D21|S||||GSPT||USD|21.4350|23|||||||||0.2300|||||||||||
ALLOCAT|A00000000|065465783|23|ALLOCEND
ORDER|PB0n|607100195|20260710|20260710|20260713|B|N|GSCO|B3BQMF6|S||||GSPT||USD|343.9050|1|||||||||0.0100|||||||||||
ALLOCAT|A00000000|065465783|1|ALLOCEND
ORDER|PB0n|607100196|20260710|20260710|20260713|B|N|GSCO|2090571|S||||GSPT||USD|42.1250|1|||||||||0.0100|||||||||||
ALLOCAT|A00000000|065448128|1|ALLOCEND
ORDER|PB0n|607100197|20260710|20260710|20260713|BC|N|GSCO|2618348|S||||GSPT||USD|34.4750|1|||||||||0.0100|||||||||||
ALLOCAT|A00000000|065465783|1|ALLOCEND
ORDER|PB0n|607100198|20260710|20260710|20260713|S|N|GSCO|2212922|S||||GSPT||USD|141.3950|2|||||||||0.0200|||||||||||
ALLOCAT|A00000000|065465783|2|ALLOCEND
ORDER|PB0n|607100199|20260710|20260710|20260713|SS|N|GSCO|2371812|S||||PREX||USD|45.3351|361|||||||||18.0500|||||||||||
ALLOCAT|A00000000|065448128|361|ALLOCEND
ORDER|PB0n|607100200|20260710|20260710|20260713|S|N|GSCO|2714923|S||||GSPT||USD|188.6700|1|||||||||0.0100|||||||||||
ALLOCAT|A00000000|065465783|1|ALLOCEND
ORDER|PB0n|607100201|20260710|20260710|20260713|S|N|GSCO|2704407|S||||GSPT||USD|147.0442|6|||||||||0.0600|||||||||||
ALLOCAT|A00000000|065448128|6|ALLOCEND
ORDER|PB0n|607100202|20260710|20260710|20260713|BC|N|GSCO|BYW36M8|S||||GSPT||USD|46.0931|939|||||||||9.3900|||||||||||
ALLOCAT|A00000000|065465783|939|ALLOCEND
ORDER|PB0n|607100203|20260710|20260710|20260713|BC|N|GSCO|2369709|S||||PREX||USD|185.8079|113|||||||||6.7800|||||||||||
ALLOCAT|A00000000|065448128|113|ALLOCEND
ORDER|PB0n|607100204|20260710|20260710|20260713|S|N|GSCO|B847RJ0|S||||PREX||USD|8.3869|72|||||||||2.1600|||||||||||
ALLOCAT|A00000000|065448128|72|ALLOCEND
ORDER|PB0n|607100205|20260710|20260710|20260713|BC|N|GSCO|2419530|S||||GSPT||USD|27.2679|340|||||||||3.4000|||||||||||
ALLOCAT|A00000000|065465783|340|ALLOCEND
ORDER|PB0n|607100206|20260710|20260710|20260713|B|N|GSCO|2917766|S||||GSPT||USD|425.2250|2|||||||||0.0200|||||||||||
ALLOCAT|A00000000|065448128|2|ALLOCEND
ORDER|PB0n|607100207|20260710|20260710|20260713|B|N|GSCO|2365161|S||||GSPT||USD|372.9700|2|||||||||0.0200|||||||||||
ALLOCAT|A00000000|065448128|2|ALLOCEND
ORDER|PB0n|607100208|20260710|20260710|20260713|S|N|GSCO|B2PKRQ3|S||||GSPT||USD|179.2745|230|||||||||2.3000|||||||||||
ALLOCAT|A00000000|065465783|230|ALLOCEND
ORDER|PB0n|607100209|20260710|20260710|20260713|B|N|GSCO|2032067|S||||GSPT||USD|396.7450|2|||||||||0.0200|||||||||||
ALLOCAT|A00000000|065448128|2|ALLOCEND
ORDER|PB0n|607100210|20260710|20260710|20260713|S|N|GSCO|BMTVT22|S||||PREX||USD|32.5240|425|||||||||21.2500|||||||||||
ALLOCAT|A00000000|065448128|425|ALLOCEND
ORDER|PB0n|607100211|20260710|20260710|20260713|B|N|GSCO|BPF0FP9|S||||GSPT||USD|38.4700|26|||||||||0.2600|||||||||||
ALLOCAT|A00000000|065448128|26|ALLOCEND
ORDER|PB0n|607100212|20260710|20260710|20260713|BC|N|GSCO|BG216W6|S||||GSPT||USD|14.5400|11|||||||||0.1100|||||||||||
ALLOCAT|A00000000|065465783|11|ALLOCEND
ORDER|PB0n|607100213|20260710|20260710|20260713|S|N|GSCO|2425258|S||||GSPT||USD|161.4000|2|||||||||0.0200|||||||||||
ALLOCAT|A00000000|065465783|2|ALLOCEND
ORDER|PB0n|607100214|20260710|20260710|20260713|S|N|GSCO|2480138|S||||GSPT||USD|230.8250|2|||||||||0.0200|||||||||||
ALLOCAT|A00000000|065465783|2|ALLOCEND
ORDER|PB0n|607100215|20260710|20260710|20260713|S|N|GSCO|2342034|S||||PREX||USD|50.3186|362|||||||||18.1000|||||||||||
ALLOCAT|A00000000|065448128|362|ALLOCEND
ORDER|PB0n|607100216|20260710|20260710|20260713|S|N|GSCO|BYW36M8|S||||GSPT||USD|46.0827|22|||||||||0.2200|||||||||||
ALLOCAT|A00000000|065448128|22|ALLOCEND
ORDER|PB0n|607100217|20260710|20260710|20260713|S|N|GSCO|B8NB2R6|S||||GSPT||USD|14.4856|3571|||||||||35.7100|||||||||||
ALLOCAT|A00000000|065448128|3571|ALLOCEND
ORDER|PB0n|607100218|20260710|20260710|20260713|BC|N|GSCO|BRF2GD4|S||||GSPT||USD|51.3450|5|||||||||0.0500|||||||||||
ALLOCAT|A00000000|065465783|5|ALLOCEND
ORDER|PB0n|607100219|20260710|20260710|20260713|S|N|GSCO|2293819|S||||GSPT||USD|116.9650|1|||||||||0.0100|||||||||||
ALLOCAT|A00000000|065465783|1|ALLOCEND
ORDER|PB0n|607100220|20260710|20260710|20260713|BC|N|GSCO|BMB5CZ6|S||||GSPT||USD|30.8748|277|||||||||2.7700|||||||||||
ALLOCAT|A00000000|065465783|27|ALLOCEND
ALLOCAT|A00000001|065448128|179|ALLOCEND
ALLOCAT|A00000002|065448128|71|ALLOCEND
ORDER|PB0n|607100221|20260710|20260710|20260713|BC|N|GSCO|BSPHGN6|S||||PREX||USD|156.3605|128|||||||||7.6800|||||||||||
ALLOCAT|A00000000|065448128|128|ALLOCEND
ORDER|PB0n|607100222|20260710|20260710|20260713|B|N|GSCO|B50K3X8|S||||GSPT||USD|305.3150|3|||||||||0.0300|||||||||||
ALLOCAT|A00000000|065448128|3|ALLOCEND
ORDER|PB0n|607100223|20260710|20260710|20260713|B|N|GSCO|BD1MGQ3|S||||GSPT||USD|339.4300|4|||||||||0.0400|||||||||||
ALLOCAT|A00000000|065465783|1|ALLOCEND
ALLOCAT|A00000001|065448128|3|ALLOCEND
ORDER|PB0n|607100224|20260710|20260710|20260713|BC|N|GSCO|BRKFN59|S||||GSPT||USD|25.5693|2237|||||||||22.3700|||||||||||
ALLOCAT|A00000000|065465783|351|ALLOCEND
ALLOCAT|A00000001|065448128|1345|ALLOCEND
ALLOCAT|A00000002|065448128|541|ALLOCEND
ORDER|PB0n|607100225|20260710|20260710|20260713|S|N|GSCO|2965107|S||||GSPT||USD|87.6500|3|||||||||0.0300|||||||||||
ALLOCAT|A00000000|065465783|3|ALLOCEND
ORDER|PB0n|607100226|20260710|20260710|20260713|B|N|GSCO|2714923|S||||GSPT||USD|188.8380|260|||||||||2.6000|||||||||||
ALLOCAT|A00000000|065448128|260|ALLOCEND
ORDER|PB0n|607100227|20260710|20260710|20260713|BC|N|GSCO|BYQHPG3|S||||GSPT||USD|66.7300|15|||||||||0.1500|||||||||||
ALLOCAT|A00000000|065448128|15|ALLOCEND
ORDER|PB0n|607100228|20260710|20260710|20260713|S|N|GSCO|BLDDH12|S||||GSPT||USD|26.3750|8|||||||||0.0800|||||||||||
ALLOCAT|A00000000|065465783|8|ALLOCEND
ORDER|PB0n|607100229|20260710|20260710|20260713|S|N|GSCO|B23DBK6|S||||GSPT||USD|29.1845|33|||||||||0.3300|||||||||||
ALLOCAT|A00000000|065448128|33|ALLOCEND
ORDER|PB0n|607100230|20260710|20260710|20260713|S|N|GSCO|2180201|S||||GSPT||USD|953.4200|1|||||||||0.0100|||||||||||
ALLOCAT|A00000000|065448128|1|ALLOCEND
ORDER|PB0n|607100231|20260710|20260710|20260713|BC|N|GSCO|2969637|S||||PREX||USD|218.8225|114|||||||||6.8400|||||||||||
ALLOCAT|A00000000|065448128|114|ALLOCEND
ORDER|PB0n|607100232|20260710|20260710|20260713|B|N|GSCO|2567116|S||||GSPT||USD|91.1400|3|||||||||0.0300|||||||||||
ALLOCAT|A00000000|065465783|2|ALLOCEND
ALLOCAT|A00000001|065448128|1|ALLOCEND
ORDER|PB0n|607100233|20260710|20260710|20260713|BC|N|GSCO|BL9ZHM3|S||||GSPT||USD|5.1350|79|||||||||0.7900|||||||||||
ALLOCAT|A00000000|065465783|79|ALLOCEND
ORDER|PB0n|607100234|20260710|20260710|20260713|BC|N|GSCO|BRF2GC3|S||||GSPT||USD|56.3300|6|||||||||0.0600|||||||||||
ALLOCAT|A00000000|065465783|6|ALLOCEND
ORDER|PB0n|607100235|20260710|20260710|20260713|S|N|GSCO|BYWH073|S||||GSPT||USD|25.8600|37|||||||||0.3700|||||||||||
ALLOCAT|A00000000|065448128|37|ALLOCEND
ORDER|PB0n|607100236|20260710|20260710|20260713|BC|N|GSCO|BLCHF11|S||||GSPT||USD|5.8650|62|||||||||0.6200|||||||||||
ALLOCAT|A00000000|065465783|62|ALLOCEND
ORDER|PB0n|607100237|20260710|20260710|20260713|SS|N|GSCO|BYQBFQ5|S||||GSPT||USD|20.4638|8|||||||||0.0800|||||||||||
ALLOCAT|A00000000|065465783|8|ALLOCEND
ORDER|PB0n|607100238|20260710|20260710|20260713|S|N|GSCO|B665KZ5|S||||GSPT||USD|78.4700|4|||||||||0.0400|||||||||||
ALLOCAT|A00000000|065465783|4|ALLOCEND
ORDER|PB0n|607100239|20260710|20260710|20260713|BC|N|GSCO|2543967|S||||GSPT||USD|24.3800|7|||||||||0.0700|||||||||||
ALLOCAT|A00000000|065465783|7|ALLOCEND
ORDER|PB0n|607100240|20260710|20260710|20260713|BC|N|GSCO|BRTLBY3|S||||GSPT||USD|30.3750|3|||||||||0.0300|||||||||||
ALLOCAT|A00000000|065465783|3|ALLOCEND
ORDER|PB0n|607100241|20260710|20260710|20260713|S|N|GSCO|2089212|S||||GSPT||USD|234.2700|1|||||||||0.0100|||||||||||
ALLOCAT|A00000000|065465783|1|ALLOCEND
ORDER|PB0n|607100242|20260710|20260710|20260713|SS|N|GSCO|2923785|S||||GSPT||USD|153.8529|332|||||||||3.3200|||||||||||
ALLOCAT|A00000000|065465783|332|ALLOCEND
ORDER|PB0n|607100243|20260710|20260710|20260713|B|N|GSCO|BPBJW48|S||||PREX||USD|5.9721|68|||||||||2.0400|||||||||||
ALLOCAT|A00000000|065448128|68|ALLOCEND
ORDER|PB0n|607100244|20260710|20260710|20260713|BC|N|GSCO|BN7JWR1|S||||GSPT||USD|21.1705|10|||||||||0.1000|||||||||||
ALLOCAT|A00000000|065465783|10|ALLOCEND
ORDER|PB0n|607100245|20260710|20260710|20260713|SS|N|GSCO|BLFB3Y9|S||||GSPT||USD|14.9550|2|||||||||0.0200|||||||||||
ALLOCAT|A00000000|065465783|2|ALLOCEND
ORDER|PB0n|607100246|20260710|20260710|20260713|BC|N|GSCO|2339252|S||||GSPT||USD|2175.8600|1|||||||||0.0100|||||||||||
ALLOCAT|A00000000|065465783|1|ALLOCEND
ORDER|PB0n|607100247|20260710|20260710|20260713|SS|N|GSCO|2816023|S||||GSPT||USD|61.0234|840|||||||||8.4000|||||||||||
ALLOCAT|A00000000|065465783|840|ALLOCEND
ORDER|PB0n|607100248|20260710|20260710|20260713|SS|N|GSCO|2855930|S||||GSPT||USD|5.1600|227|||||||||2.2700|||||||||||
ALLOCAT|A00000000|065465783|27|ALLOCEND
ALLOCAT|A00000001|065448128|200|ALLOCEND
ORDER|PB0n|607100249|20260710|20260710|20260713|S|N|GSCO|BL71K91|S||||GSPT||USD|187.3600|5|||||||||0.0500|||||||||||
ALLOCAT|A00000000|065448128|5|ALLOCEND
ORDER|PB0n|607100250|20260710|20260710|20260713|B|N|GSCO|2350684|S||||GSPT||USD|34.0000|1|||||||||0.0100|||||||||||
ALLOCAT|A00000000|065448128|1|ALLOCEND
ORDER|PB0n|607100251|20260710|20260710|20260713|S|N|GSCO|BTTRKN7|S||||PREX||USD|89.5555|22|||||||||1.1000|||||||||||
ALLOCAT|A00000000|065448128|22|ALLOCEND
ORDER|PB0n|607100252|20260710|20260710|20260713|SS|N|GSCO|BV2HGM9|S||||GSPT||USD|6.4150|208|||||||||2.0800|||||||||||
ALLOCAT|A00000000|065465783|208|ALLOCEND
ORDER|PB0n|607100253|20260710|20260710|20260713|BC|N|GSCO|2379281|S||||GSPT||USD|80.5047|73|||||||||0.7300|||||||||||
ALLOCAT|A00000000|065465783|9|ALLOCEND
ALLOCAT|A00000001|065448128|64|ALLOCEND
ORDER|PB0n|607100254|20260710|20260710|20260713|BC|N|GSCO|B3WNNP3|S||||GSPT||USD|13.3400|30|||||||||0.3000|||||||||||
ALLOCAT|A00000000|065465783|30|ALLOCEND
ORDER|PB0n|607100255|20260710|20260710|20260713|BC|N|GSCO|B51JS17|S||||GSPT||USD|28.2318|523|||||||||5.2300|||||||||||
ALLOCAT|A00000000|065448128|370|ALLOCEND
ALLOCAT|A00000001|065448128|153|ALLOCEND
ORDER|PB0n|607100256|20260710|20260710|20260713|BC|N|GSCO|BLS09M3|S||||GSPT||USD|76.8500|19|||||||||0.1900|||||||||||
ALLOCAT|A00000000|065465783|19|ALLOCEND
ORDER|PB0n|607100257|20260710|20260710|20260713|S|N|GSCO|2681511|S||||GSPT||USD|136.3350|43|||||||||0.4300|||||||||||
ALLOCAT|A00000000|065448128|43|ALLOCEND
ORDER|PB0n|607100258|20260710|20260710|20260713|S|N|GSCO|2573209|S||||GSPT||USD|91.5200|2|||||||||0.0200|||||||||||
ALLOCAT|A00000000|065465783|2|ALLOCEND
ORDER|PB0n|607100259|20260710|20260710|20260713|BC|N|GSCO|2476847|S||||GSPT||USD|44.8880|124|||||||||1.2400|||||||||||
ALLOCAT|A00000000|065465783|8|ALLOCEND
ALLOCAT|A00000001|065448128|116|ALLOCEND
ORDER|PB0n|607100260|20260710|20260710|20260713|BC|N|GSCO|B3M3278|S||||GSPT||USD|9.2450|25|||||||||0.2500|||||||||||
ALLOCAT|A00000000|065465783|25|ALLOCEND
ORDER|PB0n|607100261|20260710|20260710|20260713|S|N|GSCO|2036047|S||||GSPT||USD|1758.4500|1|||||||||0.0100|||||||||||
ALLOCAT|A00000000|065465783|1|ALLOCEND
ORDER|PB0n|607100262|20260710|20260710|20260713|BC|N|GSCO|2499026|S||||GSPT||USD|24.5000|12|||||||||0.1200|||||||||||
ALLOCAT|A00000000|065465783|12|ALLOCEND
ORDER|PB0n|607100263|20260710|20260710|20260713|B|N|GSCO|2614487|S||||GSPT||USD|113.9883|12|||||||||0.1200|||||||||||
ALLOCAT|A00000000|065465783|12|ALLOCEND
ORDER|PB0n|607100264|20260710|20260710|20260713|SS|N|GSCO|B62LJ83|S||||PREX||USD|71.3487|58|||||||||2.9000|||||||||||
ALLOCAT|A00000000|065448128|58|ALLOCEND
ORDER|PB0n|607100265|20260710|20260710|20260713|B|N|GSCO|2958936|S||||GSPT||USD|23.4550|43|||||||||0.4300|||||||||||
ALLOCAT|A00000000|065448128|43|ALLOCEND
ORDER|PB0n|607100266|20260710|20260710|20260713|BC|N|GSCO|2113393|S||||GSPT||USD|176.3650|2|||||||||0.0200|||||||||||
ALLOCAT|A00000000|065465783|2|ALLOCEND
ORDER|PB0n|607100267|20260710|20260710|20260713|BC|N|GSCO|2719456|S||||GSPT||USD|5.5800|59|||||||||0.5900|||||||||||
ALLOCAT|A00000000|065465783|59|ALLOCEND
ORDER|PB0n|607100268|20260710|20260710|20260713|BC|N|GSCO|BMDJ0D0|S||||GSPT||USD|13.1450|48|||||||||0.4800|||||||||||
ALLOCAT|A00000000|065465783|48|ALLOCEND
ORDER|PB0n|607100269|20260710|20260710|20260713|BC|N|GSCO|BPW6ZP0|S||||GSPT||USD|15.7650|464|||||||||4.6400|||||||||||
ALLOCAT|A00000000|065465783|25|ALLOCEND
ALLOCAT|A00000001|065448128|439|ALLOCEND
ORDER|PB0n|607100270|20260710|20260710|20260713|B|N|GSCO|2295677|S||||GSPT||USD|59.7432|17|||||||||0.1700|||||||||||
ALLOCAT|A00000000|065448128|17|ALLOCEND
ORDER|PB0n|607100271|20260710|20260710|20260713|BC|N|GSCO|BYND5T7|S||||GSPT||USD|44.8100|12|||||||||0.1200|||||||||||
ALLOCAT|A00000000|065465783|12|ALLOCEND
ORDER|PB0n|607100272|20260710|20260710|20260713|S|N|GSCO|2116228|S||||GSPT||USD|193.2300|2|||||||||0.0200|||||||||||
ALLOCAT|A00000000|065465783|2|ALLOCEND
ORDER|PB0n|607100273|20260710|20260710|20260713|BC|N|GSCO|2912374|S||||GSPT||USD|41.6600|7|||||||||0.0700|||||||||||
ALLOCAT|A00000000|065465783|7|ALLOCEND
ORDER|PB0n|607100274|20260710|20260710|20260713|S|N|GSCO|BTNLPC9|S||||PREX||USD|23.0394|417|||||||||20.8500|||||||||||
ALLOCAT|A00000000|065448128|417|ALLOCEND
ORDER|PB0n|607100275|20260710|20260710|20260713|BC|N|GSCO|BFMB9P3|S||||GSPT||USD|21.1850|17|||||||||0.1700|||||||||||
ALLOCAT|A00000000|065465783|17|ALLOCEND
ORDER|PB0n|607100276|20260710|20260710|20260713|B|N|GSCO|2886907|S||||GSPT||USD|524.8100|26|||||||||0.2600|||||||||||
ALLOCAT|A00000000|065448128|26|ALLOCEND
ORDER|PB0n|607100277|20260710|20260710|20260713|S|N|GSCO|B0X7DZ3|S||||GSPT||USD|35.3850|29|||||||||0.2900|||||||||||
ALLOCAT|A00000000|065448128|29|ALLOCEND
ORDER|PB0n|607100278|20260710|20260710|20260713|B|N|GSCO|2681511|S||||GSPT||USD|136.3900|3|||||||||0.0300|||||||||||
ALLOCAT|A00000000|065465783|3|ALLOCEND
ORDER|PB0n|607100279|20260710|20260710|20260713|BC|N|GSCO|BDCBXH9|S||||GSPT||USD|6.4500|93|||||||||0.9300|||||||||||
ALLOCAT|A00000000|065465783|93|ALLOCEND
ORDER|PB0n|607100280|20260710|20260710|20260713|BC|N|GSCO|BMTD360|S||||GSPT||USD|26.4900|25|||||||||0.2500|||||||||||
ALLOCAT|A00000000|065465783|25|ALLOCEND
ORDER|PB0n|607100281|20260710|20260710|20260713|B|N|GSCO|2936921|S||||GSPT||USD|113.6200|9|||||||||0.0900|||||||||||
ALLOCAT|A00000000|065448128|9|ALLOCEND
ORDER|PB0n|607100282|20260710|20260710|20260713|B|N|GSCO|BDZ78H9|S||||GSPT||USD|401.5013|64|||||||||0.6400|||||||||||
ALLOCAT|A00000000|065448128|64|ALLOCEND
ORDER|PB0n|607100283|20260710|20260710|20260713|BC|N|GSCO|2364038|S||||PREX||USD|55.6763|364|||||||||18.2000|||||||||||
ALLOCAT|A00000000|065448128|364|ALLOCEND
ORDER|PB0n|607100284|20260710|20260710|20260713|S|N|GSCO|BMDTR28|S||||PREX||USD|12.5037|1485|||||||||59.4000|||||||||||
ALLOCAT|A00000000|065448128|1485|ALLOCEND
ORDER|PB0n|607100285|20260710|20260710|20260713|B|N|GSCO|2857817|S||||GSPT||USD|72.8950|5|||||||||0.0500|||||||||||
ALLOCAT|A00000000|065465783|5|ALLOCEND
ORDER|PB0n|607100286|20260710|20260710|20260713|B|N|GSCO|BKC9SX3|S||||PREX||USD|6.9521|352|||||||||10.5600|||||||||||
ALLOCAT|A00000000|065448128|352|ALLOCEND
ORDER|PB0n|607100287|20260710|20260710|20260713|BC|N|GSCO|B1VZ486|S||||PREX||USD|79.6826|321|||||||||16.0500|||||||||||
ALLOCAT|A00000000|065448128|321|ALLOCEND
ORDER|PB0n|607100288|20260710|20260710|20260713|BC|N|GSCO|BF5MLP7|S||||PREX||USD|63.4880|273|||||||||13.6500|||||||||||
ALLOCAT|A00000000|065448128|273|ALLOCEND
ORDER|PB0n|607100289|20260710|20260710|20260713|S|N|GSCO|BK6N347|S||||GSPT||USD|75.0750|13|||||||||0.1300|||||||||||
ALLOCAT|A00000000|065448128|13|ALLOCEND
ORDER|PB0n|607100290|20260710|20260710|20260713|B|N|GSCO|BYNZGK1|S||||GSPT||USD|77.3800|1|||||||||0.0100|||||||||||
ALLOCAT|A00000000|065448128|1|ALLOCEND
ORDER|PB0n|607100291|20260710|20260710|20260713|S|N|GSCO|2651086|S||||GSPT||USD|226.9416|34|||||||||0.3400|||||||||||
ALLOCAT|A00000000|065448128|34|ALLOCEND
ORDER|PB0n|607100292|20260710|20260710|20260713|B|N|GSCO|BFD2WR8|S||||GSPT||USD|32.7450|42|||||||||0.4200|||||||||||
ALLOCAT|A00000000|065465783|12|ALLOCEND
ALLOCAT|A00000001|065448128|30|ALLOCEND
ORDER|PB0n|607100293|20260710|20260710|20260713|SS|N|GSCO|BPK4SR9|S||||GSPT||USD|24.6031|429|||||||||4.2900|||||||||||
ALLOCAT|A00000000|065465783|429|ALLOCEND
ORDER|PB0n|607100294|20260710|20260710|20260713|B|N|GSCO|2216850|S||||GSPT||USD|110.2550|11|||||||||0.1100|||||||||||
ALLOCAT|A00000000|065465783|2|ALLOCEND
ALLOCAT|A00000001|065448128|9|ALLOCEND
ORDER|PB0n|607100295|20260710|20260710|20260713|SS|N|GSCO|2622059|S||||PREX||USD|295.9925|36|||||||||2.1600|||||||||||
ALLOCAT|A00000000|065448128|36|ALLOCEND
ORDER|PB0n|607100296|20260710|20260710|20260713|S|N|GSCO|2958936|S||||GSPT||USD|23.4505|10|||||||||0.1000|||||||||||
ALLOCAT|A00000000|065465783|10|ALLOCEND
ORDER|PB0n|607100297|20260710|20260710|20260713|SS|N|GSCO|2871301|S||||GSPT||USD|404.1750|2|||||||||0.0200|||||||||||
ALLOCAT|A00000000|065465783|2|ALLOCEND
ORDER|PB0n|607100298|20260710|20260710|20260713|BC|N|GSCO|BVLJ392|S||||GSPT||USD|7.6450|48|||||||||0.4800|||||||||||
ALLOCAT|A00000000|065465783|48|ALLOCEND
ORDER|PB0n|607100299|20260710|20260710|20260713|BC|N|GSCO|BNLZ3X8|S||||GSPT||USD|73.2450|278|||||||||2.7800|||||||||||
ALLOCAT|A00000000|065465783|4|ALLOCEND
ALLOCAT|A00000001|065448128|274|ALLOCEND
ORDER|PB0n|607100300|20260710|20260710|20260713|SS|N|GSCO|2884280|S||||GSPT||USD|9.3460|6413|||||||||64.1300|||||||||||
ALLOCAT|A00000000|065465783|1123|ALLOCEND
ALLOCAT|A00000001|065448128|3769|ALLOCEND
ALLOCAT|A00000002|065448128|1521|ALLOCEND
ORDER|PB0n|607100301|20260710|20260710|20260713|BC|N|GSCO|BYMMZL7|S||||GSPT||USD|20.3704|13|||||||||0.1300|||||||||||
ALLOCAT|A00000000|065465783|13|ALLOCEND
ORDER|PB0n|607100302|20260710|20260710|20260713|BC|N|GSCO|BZB1XF2|S||||GSPT||USD|29.5800|4|||||||||0.0400|||||||||||
ALLOCAT|A00000000|065465783|4|ALLOCEND
ORDER|PB0n|607100303|20260710|20260710|20260713|S|N|GSCO|2736035|S||||GSPT||USD|62.4150|3|||||||||0.0300|||||||||||
ALLOCAT|A00000000|065465783|3|ALLOCEND
ORDER|PB0n|607100304|20260710|20260710|20260713|SS|N|GSCO|BNTCBL5|S||||GSPT||USD|15.9500|10|||||||||0.1000|||||||||||
ALLOCAT|A00000000|065465783|10|ALLOCEND
ORDER|PB0n|607100305|20260710|20260710|20260713|S|N|GSCO|2636607|S||||GSPT||USD|95.5350|10|||||||||0.1000|||||||||||
ALLOCAT|A00000000|065448128|10|ALLOCEND
ORDER|PB0n|607100306|20260710|20260710|20260713|S|N|GSCO|2209106|S||||GSPT||USD|91.9700|10|||||||||0.1000|||||||||||
ALLOCAT|A00000000|065448128|10|ALLOCEND
ORDER|PB0n|607100307|20260710|20260710|20260713|SS|N|GSCO|B51JS17|S||||GSPT||USD|28.2403|373|||||||||3.7300|||||||||||
ALLOCAT|A00000000|065465783|373|ALLOCEND
ORDER|PB0n|607100308|20260710|20260710|20260713|S|N|GSCO|BL9XPM3|S||||GSPT||USD|185.8550|6|||||||||0.0600|||||||||||
ALLOCAT|A00000000|065448128|6|ALLOCEND
ORDER|PB0n|607100309|20260710|20260710|20260713|BC|N|GSCO|BPDJN76|S||||GSPT||USD|9.2404|1025|||||||||10.2500|||||||||||
ALLOCAT|A00000000|065465783|68|ALLOCEND
ALLOCAT|A00000001|065448128|686|ALLOCEND
ALLOCAT|A00000002|065448128|271|ALLOCEND
ORDER|PB0n|607100310|20260710|20260710|20260713|S|N|GSCO|B23FN39|S||||PREX||USD|119.6533|168|||||||||10.0800|||||||||||
ALLOCAT|A00000000|065448128|168|ALLOCEND
ORDER|PB0n|607100311|20260710|20260710|20260713|B|N|GSCO|B665KZ5|S||||GSPT||USD|78.4800|13|||||||||0.1300|||||||||||
ALLOCAT|A00000000|065448128|13|ALLOCEND
ORDER|PB0n|607100312|20260710|20260710|20260713|B|N|GSCO|BMCRLL0|S||||PREX||USD|7.7782|195|||||||||5.8500|||||||||||
ALLOCAT|A00000000|065448128|195|ALLOCEND
ORDER|PB0n|607100313|20260710|20260710|20260713|B|N|GSCO|2692632|S||||GSPT||USD|71.2550|3|||||||||0.0300|||||||||||
ALLOCAT|A00000000|065465783|3|ALLOCEND
ORDER|PB0n|607100314|20260710|20260710|20260713|BC|N|GSCO|2661568|S||||PREX||USD|141.3512|109|||||||||6.5400|||||||||||
ALLOCAT|A00000000|065448128|109|ALLOCEND
ORDER|PB0n|607100315|20260710|20260710|20260713|S|N|GSCO|BPF0FP9|S||||GSPT||USD|38.4550|13|||||||||0.1300|||||||||||
ALLOCAT|A00000000|065465783|13|ALLOCEND
ORDER|PB0n|607100316|20260710|20260710|20260713|BC|N|GSCO|BV8TD84|S||||GSPT||USD|45.0900|9|||||||||0.0900|||||||||||
ALLOCAT|A00000000|065465783|9|ALLOCEND
ORDER|PB0n|607100317|20260710|20260710|20260713|BC|N|GSCO|BDQYP67|S||||PREX||USD|725.6500|5|||||||||0.3000|||||||||||
ALLOCAT|A00000000|065448128|5|ALLOCEND
ORDER|PB0n|607100318|20260710|20260710|20260713|B|N|GSCO|BP0TQN6|S||||GSPT||USD|113.4900|1|||||||||0.0100|||||||||||
ALLOCAT|A00000000|065448128|1|ALLOCEND
ORDER|PB0n|607100319|20260710|20260710|20260713|B|N|GSCO|2736035|S||||GSPT||USD|62.4350|16|||||||||0.1600|||||||||||
ALLOCAT|A00000000|065448128|16|ALLOCEND
ORDER|PB0n|607100320|20260710|20260710|20260713|BC|N|GSCO|B046RT1|S||||PREX||USD|376.5213|4|||||||||0.2400|||||||||||
ALLOCAT|A00000000|065448128|4|ALLOCEND
ORDER|PB0n|607100321|20260710|20260710|20260713|BC|N|GSCO|2090571|S||||GSPT||USD|42.1250|10|||||||||0.1000|||||||||||
ALLOCAT|A00000000|065465783|10|ALLOCEND
ORDER|PB0n|607100322|20260710|20260710|20260713|S|N|GSCO|2047317|S||||GSPT||USD|79.4650|4|||||||||0.0400|||||||||||
ALLOCAT|A00000000|065465783|3|ALLOCEND
ALLOCAT|A00000001|065448128|1|ALLOCEND
ORDER|PB0n|607100323|20260710|20260710|20260713|S|N|GSCO|2350684|S||||GSPT||USD|33.9950|5|||||||||0.0500|||||||||||
ALLOCAT|A00000000|065465783|5|ALLOCEND
ORDER|PB0n|607100324|20260710|20260710|20260713|B|N|GSCO|2002554|S||||GSPT||USD|253.4700|4|||||||||0.0400|||||||||||
ALLOCAT|A00000000|065448128|4|ALLOCEND
ORDER|PB0n|607100325|20260710|20260710|20260713|B|N|GSCO|2262864|S||||GSPT||USD|28.2157|490|||||||||4.9000|||||||||||
ALLOCAT|A00000000|065465783|7|ALLOCEND
ALLOCAT|A00000001|065448128|35|ALLOCEND
ALLOCAT|A00000002|065448128|448|ALLOCEND
ORDER|PB0n|607100326|20260710|20260710|20260713|B|N|GSCO|BFPK4S5|S||||GSPT||USD|43.0200|27|||||||||0.2700|||||||||||
ALLOCAT|A00000000|065465783|4|ALLOCEND
ALLOCAT|A00000001|065448128|23|ALLOCEND
ORDER|PB0n|607100327|20260710|20260710|20260713|BC|N|GSCO|2885409|S||||GSPT||USD|311.6976|523|||||||||5.2300|||||||||||
ALLOCAT|A00000000|065448128|523|ALLOCEND
ORDER|PB0n|607100328|20260710|20260710|20260713|B|N|GSCO|BK9DTN5|S||||GSPT||USD|289.6900|3|||||||||0.0300|||||||||||
ALLOCAT|A00000000|065448128|3|ALLOCEND
ORDER|PB0n|607100329|20260710|20260710|20260713|S|N|GSCO|BL3LWS8|S||||GSPT||USD|323.6150|30|||||||||0.3000|||||||||||
ALLOCAT|A00000000|065465783|27|ALLOCEND
ALLOCAT|A00000001|065448128|3|ALLOCEND
ORDER|PB0n|607100330|20260710|20260710|20260713|S|N|GSCO|BMHVL51|S||||PREX||USD|19.7245|20|||||||||0.8000|||||||||||
ALLOCAT|A00000000|065448128|20|ALLOCEND
ORDER|PB0n|607100331|20260710|20260710|20260713|S|N|GSCO|B80NXX8|S||||GSPT||USD|107.1900|1|||||||||0.0100|||||||||||
ALLOCAT|A00000000|065465783|1|ALLOCEND
ORDER|PB0n|607100332|20260710|20260710|20260713|S|N|GSCO|2583576|S||||GSPT||USD|96.0975|11|||||||||0.1100|||||||||||
ALLOCAT|A00000000|065448128|11|ALLOCEND
ORDER|PB0n|607100333|20260710|20260710|20260713|BC|N|GSCO|2665300|S||||GSPT||USD|37.3250|14|||||||||0.1400|||||||||||
ALLOCAT|A00000000|065465783|14|ALLOCEND
ORDER|PB0n|607100334|20260710|20260710|20260713|BC|N|GSCO|2840174|S||||GSPT||USD|317.9361|19|||||||||0.1900|||||||||||
ALLOCAT|A00000000|065465783|2|ALLOCEND
ALLOCAT|A00000001|065448128|17|ALLOCEND
ORDER|PB0n|607100335|20260710|20260710|20260713|SS|N|GSCO|BYZ65Y9|S||||PREX||USD|44.2925|654|||||||||32.7000|||||||||||
ALLOCAT|A00000000|065448128|654|ALLOCEND
ORDER|PB0n|607100336|20260710|20260710|20260713|S|N|GSCO|2198163|S||||GSPT||USD|120.0200|4|||||||||0.0400|||||||||||
ALLOCAT|A00000000|065465783|4|ALLOCEND
ORDER|PB0n|607100337|20260710|20260710|20260713|BC|N|GSCO|B5Q3KZ2|S||||GSPT||USD|37.6700|13|||||||||0.1300|||||||||||
ALLOCAT|A00000000|065465783|13|ALLOCEND
ORDER|PB0n|607100338|20260710|20260710|20260713|B|N|GSCO|2089212|S||||GSPT||USD|234.3850|4|||||||||0.0400|||||||||||
ALLOCAT|A00000000|065448128|4|ALLOCEND
ORDER|PB0n|607100339|20260710|20260710|20260713|B|N|GSCO|BP6D7B7|S||||GSPT||USD|29.1900|2|||||||||0.0200|||||||||||
ALLOCAT|A00000000|065448128|2|ALLOCEND
ORDER|PB0n|607100340|20260710|20260710|20260713|BC|N|GSCO|BTZS1P3|S||||GSPT||USD|38.9300|9|||||||||0.0900|||||||||||
ALLOCAT|A00000000|065465783|9|ALLOCEND
ORDER|PB0n|607100341|20260710|20260710|20260713|S|N|GSCO|BHJ0775|S||||GSPT||USD|290.8000|3|||||||||0.0300|||||||||||
ALLOCAT|A00000000|065448128|3|ALLOCEND
ORDER|PB0n|607100342|20260710|20260710|20260713|BC|N|GSCO|B40X9Y3|S||||PREX||USD|85.3928|18|||||||||0.9000|||||||||||
ALLOCAT|A00000000|065448128|18|ALLOCEND
ORDER|PB0n|607100343|20260710|20260710|20260713|B|N|GSCO|2504566|S||||GSPT||USD|230.5264|183|||||||||1.8300|||||||||||
ALLOCAT|A00000000|065465783|183|ALLOCEND
TRAILER|746|DONE
